geneSymbol	ensemblId	geneName	overallScore	literature	genetic_association	clinical	animal_model	genetic_literature	rna_expression
TYK2	ENSG00000105397	tyrosine kinase 2	0.7517870740478155	0.7819688254142984	0.9206099686872204	0.9891030741032509			
IL12B	ENSG00000113302	interleukin 12B	0.7327522713447271	0.41516460413189393	0.850433143789256	0.9834876801701591			
IL6R	ENSG00000160712	interleukin 6 receptor	0.732460258806829	0.48040096989714565	0.8039545297855242	0.9931772982026619			
TNF	ENSG00000232810	tumor necrosis factor	0.7166256679552229	0.9977007604992195		0.9986379260591441	0.48024437627452465	0.607930797611621	
TRAF3IP2	ENSG00000056972	TRAF3 interacting protein 2	0.7138603345449056	0.41400268192476986	0.8424335568151569	0.9501979626577228	0.32334319297968095		0.024730415607504327
MIF	ENSG00000240972	macrophage migration inhibitory factor	0.6976727531688605	0.9331285796273404		0.9501979626577228		0.547137717850459	
JAK2	ENSG00000096968	Janus kinase 2	0.6934326771029184	0.4508261645295845	0.5377736259951232	0.9916783263329138	0.3603205837444078		
JAK1	ENSG00000162434	Janus kinase 1	0.6903808968126417	0.3785285514892235	0.5291414251952968	0.9916966583306238	0.2584313820647001		
PADI4	ENSG00000159339	peptidyl arginine deiminase 4	0.6892861448435421	0.9761713654822358	0.8702778346907813			0.3039653988058105	
PTPN22	ENSG00000134242	protein tyrosine phosphatase non-receptor type 22	0.6798611028661302	0.9496813462467454	0.7885579883591437		0.2946032645225916	0.607930797611621	0.0334432182644848
IRF5	ENSG00000128604	interferon regulatory factor 5	0.6358812440641249	0.4511069552618247	0.8839690636415507			0.607930797611621	
PTGS2	ENSG00000073756	prostaglandin-endoperoxide synthase 2	0.6336887634143262	0.840936863163927		0.9991225845150038			0.054021158550519095
IL23A	ENSG00000110944	interleukin 23 subunit alpha	0.6300030146144067	0.940287542979932		0.9834876801701591	0.26122786373371354		
IL17A	ENSG00000112115	interleukin 17A	0.6280826302236754	0.9886467723547224		0.983715895837937			
NR3C1	ENSG00000113580	nuclear receptor subfamily 3 group C member 1	0.6264814767537767	0.4134536366394646	0.09933231518299525	0.9964935211905023			
MS4A1	ENSG00000156738	membrane spanning 4-domains A1	0.6250888195859142	0.8434133078657825		0.985721128986875			0.014933200757380818
TLR7	ENSG00000196664	toll like receptor 7	0.6245484325350175	0.7018838335133243		0.9831875362317694	0.38194772186944126		0.04522340482669109
FCRL3	ENSG00000160856	Fc receptor like 3	0.6218361059371833	0.8112280516662363	0.852863186882425			0.607930797611621	
TLR9	ENSG00000239732	toll like receptor 9	0.6213991990562341	0.7793392289424306		0.9831875362317694			
CD80	ENSG00000121594	CD80 molecule	0.6191239482171799	0.6784724322370459		0.9844882612036479			
JAK3	ENSG00000105639	Janus kinase 3	0.618253481113395	0.3386335634265732		0.9890271833412604	0.4085531377482498		
CD86	ENSG00000114013	CD86 molecule	0.6161573463641837	0.5660449691327819		0.9844882612036479			0.03336922666417508
STAT4	ENSG00000138378	signal transducer and activator of transcription 4	0.6161202016568202	0.7913230292955327	0.8439032921980294			0.607930797611621	
DHFR	ENSG00000228716	dihydrofolate reductase	0.6158311309876353	0.3567564706851452		0.9951576249724678			
PTGS1	ENSG00000095303	prostaglandin-endoperoxide synthase 1	0.6148225967431268	0.2527370310890757		0.9986996347011884			
DHODH	ENSG00000102967	dihydroorotate dehydrogenase (quinone)	0.6042376874912411	0.20528388973193928		0.9836609197946844			
PDE4A	ENSG00000065989	phosphodiesterase 4A	0.6029676362900136	0.1761605517959246	0.12696276633223003	0.9561806059823336			
ALOX5	ENSG00000012779	arachidonate 5-lipoxygenase	0.5985788962488053	0.3921267679338579		0.9581320723483466	0.2645714831205775		0.07992442723504707
CD40	ENSG00000101017	CD40 molecule	0.5962519902089006	0.8695862864718461	0.9213611325178097	0.14353921610274387			
IL12A	ENSG00000168811	interleukin 12A	0.5957720807663239	0.10758572883977294		0.974620547596581			
PPAT	ENSG00000128059	phosphoribosyl pyrophosphate amidotransferase	0.5883364964594279			0.9677688624607055			
PDE4B	ENSG00000184588	phosphodiesterase 4B	0.5858600262623511	0.13813538679064055		0.9561806059823336			0.027354676982048104
PDE4D	ENSG00000113448	phosphodiesterase 4D	0.5847102521114367	0.11246719755814989		0.9561806059823336			
IL1R1	ENSG00000115594	interleukin 1 receptor type 1	0.5844594049872879	0.8050975177884886		0.9102142327402497	0.4724230228239907		0.033915469028282554
PDE4C	ENSG00000105650	phosphodiesterase 4C	0.5812916384556032			0.9561806059823336			
ATP4A	ENSG00000105675	ATPase H+/K+ transporting subunit alpha	0.5712728628396865	0.17459054133323518		0.930970953784197			
ATP4B	ENSG00000186009	ATPase H+/K+ transporting subunit beta	0.5659659144872785			0.930970953784197			
IL2RA	ENSG00000134460	interleukin 2 receptor subunit alpha	0.5649666163240571	0.8631606608981223	0.8861691511406008				
UBASH3A	ENSG00000160185	ubiquitin associated and SH3 domain containing A	0.562137546096471	0.7321538019926975	0.8880658883815705				
CTLA4	ENSG00000163599	cytotoxic T-lymphocyte associated protein 4	0.5611647414297727	0.9341325158430939	0.8689540600215299		0.33357162864949647		
TNFAIP3	ENSG00000118503	TNF alpha induced protein 3	0.5558650762688293	0.8903528934734278	0.8639669366815528		0.2642067246420105		
IL23R	ENSG00000162594	interleukin 23 receptor	0.5529640257006492	0.5597151006137284	0.8815980789732496				
NFKBIE	ENSG00000146232	NFKB inhibitor epsilon	0.5511897913666702	0.2983360251000015	0.8917485519926569				
IL17RA	ENSG00000177663	interleukin 17 receptor A	0.5509270779694464	0.72599557671394		0.8699334308221698			
RASGRP1	ENSG00000172575	RAS guanyl releasing protein 1	0.5479349883045191	0.6307298912187168	0.8636687368957146		0.2548445903587916		0.03544038255805995
SH2B3	ENSG00000111252	SH2B adaptor protein 3	0.5477362107320141	0.18385976686785335	0.8751288109946274		0.42958754334561194		0.023241166861273664
BLK	ENSG00000136573	BLK proto-oncogene, Src family tyrosine kinase	0.545702674166517	0.7560843145529179	0.8598352463795875				
CCR6	ENSG00000112486	C-C motif chemokine receptor 6	0.5372407703946744	0.7312732003321122	0.8411705210040648		0.2693741364217093		
ERAP1	ENSG00000164307	endoplasmic reticulum aminopeptidase 1	0.5357434047504386	0.6266314062729791	0.8437950054877723		0.27587899595615367		
GATA3	ENSG00000107485	GATA binding protein 3	0.5351869404892992	0.21107021418562166	0.8692221588391529				0.025479411842324735
CCL21	ENSG00000137077	C-C motif chemokine ligand 21	0.5347851319125727	0.5654458699306552	0.8514086406058095				
LBH	ENSG00000213626	LBH regulator of Wnt signaling pathway	0.5341764346000591	0.2549150343679721	0.8659339215251336				
IL10	ENSG00000136634	interleukin 10	0.5310891758062284	0.9579165926387938	0.678878683648354		0.2972781600320827		
SUOX	ENSG00000139531	sulfite oxidase	0.5263829391320443	0.04137306817079087	0.8637913115743926				
IFNGR2	ENSG00000159128	interferon gamma receptor 2	0.5253016483201024	0.048698634282010905	0.8616463919889525				
PTGER3	ENSG00000050628	prostaglandin E receptor 3	0.5242298873734277	0.13070512148649852	0.3912464255923688	0.7616021936745586			
PTPN2	ENSG00000175354	protein tyrosine phosphatase non-receptor type 2	0.5227746452171602	0.7066743139724773	0.824196659604144				0.017739908060810626
RUNX1	ENSG00000159216	RUNX family transcription factor 1	0.5222894891710923	0.6912592315890181	0.8178372246890224		0.2670639993907852		0.06332870520221597
CD83	ENSG00000112149	CD83 molecule	0.5217322583563333	0.1764249168650906	0.8493887024042498				
TRAF1	ENSG00000056558	TNF receptor associated factor 1	0.5172455644562155	0.8973267870008248	0.8059633381203537				
IL6	ENSG00000136244	interleukin 6	0.5150147295558882	0.9877431337296474		0.6732275766344503		0.607930797611621	
AFF3	ENSG00000144218	ALF transcription elongation factor 3	0.5122414548071849	0.38507045329368345	0.8233447744106226				
TAGAP	ENSG00000164691	T cell activation RhoGTPase activating protein	0.5119704135159183	0.22020390626804803	0.8311422594187768				
BACH2	ENSG00000112182	BACH transcriptional regulator 2	0.5107228020975911	0.23462021693402765	0.8220986217577413		0.255756486555209		
TNIP1	ENSG00000145901	TNFAIP3 interacting protein 1	0.5096305295831335	0.30030708854883165	0.8173939420877746		0.2652402069979503		
MACIR	ENSG00000181751	macrophage immunometabolism regulator	0.5096300673330755	0.15466828041813294	0.8305693489502409				
REL	ENSG00000162924	REL proto-oncogene, NF-kB subunit	0.5066385059124601	0.6547714670637744	0.794303255499159		0.2853019233191338		
EOMES	ENSG00000163508	eomesodermin	0.5035918461237012	0.09969387208888994	0.823385653978148				
ARID5B	ENSG00000150347	AT-rich interaction domain 5B	0.5027069919896892	0.17301362421735586	0.8171319535974513				0.05094877110942152
PADI2	ENSG00000117115	peptidyl arginine deiminase 2	0.5009948961582128	0.9037445528788103	0.7789113344398895				
IRF4	ENSG00000137265	interferon regulatory factor 4	0.4971338932332336	0.6797637044584078	0.7742826923104776		0.4264482562546119		
ANKRD55	ENSG00000164512	ankyrin repeat domain 55	0.49629901064264814	0.22347740462115429	0.8052003167528211				
ETV7	ENSG00000010030	ETS variant transcription factor 7	0.4899060706331081	0.1128809282398578	0.8002142396919568				
FCGR2A	ENSG00000143226	Fc gamma receptor IIa	0.4895201715494628	0.8158800925401983	0.7535406030900074		0.4900006663582667		
CD2	ENSG00000116824	CD2 molecule	0.48906137405923755	0.5281383388457954	0.7614386216888712	0.12158615952232422			0.07178042248037819
IL12RB2	ENSG00000081985	interleukin 12 receptor subunit beta 2	0.4878014776900964	0.04542594015486835	0.8001250935132221				
RTKN2	ENSG00000182010	rhotekin 2	0.4858969430931468	0.14801426225182943	0.7918628626136114				
BCL2L11	ENSG00000153094	BCL2 like 11	0.4838390787037745	0.132686703627455	0.7693214243624505		0.4721705457863493		
SYNGR1	ENSG00000100321	synaptogyrin 1	0.48288603584609047	0.2801767289559358	0.7803020254845248				
SPRED2	ENSG00000198369	sprouty related EVH1 domain containing 2	0.4796783603464134	0.18145045612046856	0.7799619564980795				
PHTF1	ENSG00000116793	putative homeodomain transcription factor 1	0.47942145844420475	0.012158615952232422	0.7880039643847164				
MLN	ENSG00000096395	motilin	0.47638376412985955	0.21810243703887516	0.7727099968448378				
TNFSF4	ENSG00000117586	TNF superfamily member 4	0.4761265610933118	0.6903507933746058	0.7486744995631546				
CD226	ENSG00000150637	CD226 molecule	0.47580424460955156	0.583054035092752	0.7535091513359521				
PLCL2	ENSG00000154822	phospholipase C like 2	0.47543726636194134	0.041769808496307036	0.7799697113142521				
AIRE	ENSG00000160224	autoimmune regulator	0.47484518109892593	0.6378806278082102	0.7429244949624834		0.2819583039322699		
ETS1	ENSG00000134954	ETS proto-oncogene 1, transcription factor	0.47049929022058495	0.6824016986618847	0.7398155210092867				
CLNK	ENSG00000109684	cytokine dependent hematopoietic cell linker	0.4686628824192124	0.030396539880581056	0.7693950275592345				
NOS2	ENSG00000007171	nitric oxide synthase 2	0.46316450237611617	0.6222557851889718	0.7100468557031626	0.15198269940290526			
HRH2	ENSG00000113749	histamine receptor H2	0.46284743745721607	0.02870784322054877		0.7599134970145264			
TNFRSF1A	ENSG00000067182	TNF receptor superfamily member 1A	0.4539066254245617	0.5632476817857539	0.7123921344760551		0.27393361740379646		
FLT3	ENSG00000122025	fms related receptor tyrosine kinase 3	0.45226827669760855	0.7886793483369935	0.6916086612203376	0.06079307976116211	0.40971496105035204		
WDFY4	ENSG00000128815	WDFY family member 4	0.4522558157599866	0.4669211457160141	0.7205804184524985				
IFNAR2	ENSG00000159110	interferon alpha and beta receptor subunit 2	0.4504810295295941	0.03822871498981077	0.7387068794386357				0.017494738479045424
ZNF438	ENSG00000183621	zinc finger protein 438	0.45045223398871526	0.030396539880581056	0.7394398936820871				
NKX2-3	ENSG00000119919	NK2 homeobox 3	0.4502420633330779	0.15839974671102794	0.7326940185709511				
IFIH1	ENSG00000115267	interferon induced with helicase C domain 1	0.44905455076459966	0.7665366691790259	0.6995369376236221				0.03585900691327946
NCF2	ENSG00000116701	neutrophil cytosolic factor 2	0.44688856088993417	0.4609910997613485	0.7114209506254338				0.028225953714245706
IL13	ENSG00000169194	interleukin 13	0.4465196347718121	0.702585603200776	0.6993616134187282				
RUNX3	ENSG00000020633	RUNX family transcription factor 3	0.4450492862675962	0.19948746031226594	0.7215577683772405				0.024306324507025343
TMEM151B	ENSG00000178233	transmembrane protein 151B	0.4427234093148694		0.7282463909612702				
RNASET2	ENSG00000026297	ribonuclease T2	0.4426299322779405	0.439765214726035	0.7051122314358947				0.044646127259715604
TNRC18	ENSG00000182095	trinucleotide repeat containing 18	0.4424651863148213	0.04914107280693938	0.7253645800935173				
TXNDC11	ENSG00000153066	thioredoxin domain containing 11	0.4392888795950913		0.7225968503667298				
B3GNT2	ENSG00000170340	UDP-GlcNAc:betaGal beta-1,3-N-acetylglucosaminyltransferase 2	0.43907777194350955	0.11584109233907698	0.7164575396929829				
TET3	ENSG00000187605	tet methylcytosine dioxygenase 3	0.4389294401286036	0.6732833583548703	0.6883414318199677				
NFKBIA	ENSG00000100906	NFKB inhibitor alpha	0.43891881587393833	0.35069703622988097	0.7037716266705251				0.030674032357513883
GPR35	ENSG00000178623	G protein-coupled receptor 35	0.4378358354691646	0.09574910062383032	0.7154192480825364				
IL1B	ENSG00000125538	interleukin 1 beta	0.43733177687419444	0.9682965820703873		0.6709627358962152			
PACSIN1	ENSG00000124507	protein kinase C and casein kinase substrate in neurons 1	0.43600549156461527		0.7171959263744342				
COG6	ENSG00000133103	component of oligomeric golgi complex 6	0.43419074777934036	0.11204502339314183	0.6977704361562271		0.27557503055734783		0.013738684316037395
CCN4	ENSG00000104415	cellular communication network factor 4	0.4329011740952429	0.5883525571442728	0.6826719320005573				
FAM8A1	ENSG00000137414	family with sequence similarity 8 member A1	0.43135330662825583		0.7095434354089551				
NOD2	ENSG00000167207	nucleotide binding oligomerization domain containing 2	0.43084692105352007	0.43413223788987565	0.6813041687285075		0.2564860035123429		
TNFSF15	ENSG00000181634	TNF superfamily member 15	0.4306941139056193	0.4793535029518927	0.6781943204183872		0.26505782775866676		0.03255551348732106
TNFRSF14	ENSG00000157873	TNF receptor superfamily member 14	0.4302889578529918	0.32190181872006945	0.6916975715569462				
INAVA	ENSG00000163362	innate immunity activator	0.4291041449267012		0.7038096869240812				0.04068096543281861
CIITA	ENSG00000179583	class II major histocompatibility complex transactivator	0.428343126250548	0.35600647952829795	0.6867915932835438				
DRC5	ENSG00000146221	dynein regulatory complex subunit 5	0.42784682078519143		0.7037755324554605				
RAD51B	ENSG00000182185	RAD51 paralog B	0.42709968757909966	0.35547064693679503	0.6847730227167416				
IL17F	ENSG00000112116	interleukin 17F	0.42709261226961515	0.5714140865089794		0.6739642123912806			
NFKBIL1	ENSG00000204498	NFKB inhibitor like 1	0.4258892506603865	0.20136217406498055	0.3525998626147402			0.607930797611621	
CXCL13	ENSG00000156234	C-X-C motif chemokine ligand 13	0.4257533334653421	0.905481106379621	0.6508545184766908				0.1891498942629973
TCF7	ENSG00000081059	transcription factor 7	0.4254498683005049	0.07582997578082812	0.6960412288371467				
SWAP70	ENSG00000133789	switching B cell complex subunit SWAP70	0.4254313913038579	0.1593285298740457	0.6918359078760171				
TLR1	ENSG00000174125	toll like receptor 1	0.4250974417606866	0.3066173083190722	0.6839221473130737				
C1orf141	ENSG00000203963	chromosome 1 open reading frame 141	0.424207973189699		0.6977899044698602				
AARS2	ENSG00000124608	alanyl-tRNA synthetase 2, mitochondrial	0.42385350378236575	0.01823792392834863	0.6962949330143412				
SLC22A4	ENSG00000197208	solute carrier family 22 member 4	0.4230144393139616	0.3683190389994591	0.25507509352978924			0.607930797611621	
ATG5	ENSG00000057663	autophagy related 5	0.42185946212506625	0.20392897699680748	0.6837303332484286				
GNG4	ENSG00000168243	G protein subunit gamma 4	0.41942543439251107	0.3951550184475537	0.6701652403791136				
MMEL1	ENSG00000142606	membrane metalloendopeptidase like 1	0.4178645198363179	0.10237103355359323	0.6822368537039576				
DAP	ENSG00000112977	death associated protein	0.417608511551947	0.1322249484805276	0.6803230437693238				
CSF2	ENSG00000164400	colony stimulating factor 2	0.4164623813103763	0.9417593277453277	0.19725355661347443	0.6148076197608149			
PRKCQ	ENSG00000065675	protein kinase C theta	0.41503489917953396	0.08079203026145612	0.6786612927500282				
ITPR3	ENSG00000096433	inositol 1,4,5-trisphosphate receptor type 3	0.4149264751996195	0.1866429143055995	0.6731903993338308				
ELMO1	ENSG00000155849	engulfment and cell motility 1	0.4105974934814775	0.6875666661084168	0.6410233655303557				
LTA	ENSG00000226979	lymphotoxin alpha	0.4097166059012645	0.7335394227833356		0.17940239447222228	0.3896346690659081	0.607930797611621	
SYK	ENSG00000165025	spleen associated tyrosine kinase	0.40951142544849917	0.6815130719271049		0.6380026466937687			0.06916045949629798
TNFSF11	ENSG00000120659	TNF superfamily member 11	0.40855059431007706	0.9681188757801141	0.6020266346860514	0.16587222943167076	0.25375031492309064		
ATG16L1	ENSG00000085978	autophagy related 16 like 1	0.4063413878702658	0.3537362520773506	0.6507139156807662				
TEC	ENSG00000135605	tec protein tyrosine kinase	0.4060652163791439		0.6299507723015698	0.15198269940290526			
NAB1	ENSG00000138386	NGFI-A binding protein 1	0.4055042206455243	0.1305362518204953	0.6604968391776134				
KCNK2	ENSG00000082482	potassium two pore domain channel subfamily K member 2	0.40492867070766414		0.6660769158241501				
JAZF1	ENSG00000153814	JAZF zinc finger 1	0.402743508875892	0.06759008381779204	0.659102986346111				
IL19	ENSG00000142224	interleukin 19	0.40162954347600077	0.3286524732503445	0.5226773709972604				
PLD4	ENSG00000166428	phospholipase D family member 4	0.4015313638241199	0.22717918158654868	0.6387547570573423		0.3337084130789591		
HLA-DRB1	ENSG00000196126	major histocompatibility complex, class II, DR beta 1	0.4005307909397879	0.986686548643034				0.607930797611621	0.0709925628092769
PRDM1	ENSG00000057657	PR/SET domain 1	0.39485986074825197	0.40034834723346435	0.6294970706352151				
MAGI3	ENSG00000081026	membrane associated guanylate kinase, WW and PDZ domain containing 3	0.39343428671806757	0.03647584785669727	0.645345734572658				
ACOXL	ENSG00000153093	acyl-CoA oxidase like	0.3933082159433949	0.13678442946261474	0.6401229286409704				
ENO4	ENSG00000188316	enolase 4	0.3931272186966265	0.27911745850043834	0.6327085504618277				
IKZF1	ENSG00000185811	IKAROS family zinc finger 1	0.38931341987405194	0.46709321212046057	0.6070471496682879		0.4495141639339928		
TNFSF18	ENSG00000120337	TNF superfamily member 18	0.3892656324393368	0.29011005907158666	0.6258069042622509				
MICA	ENSG00000204520	MHC class I polypeptide-related sequence A	0.3885994834941884	0.6257169034439128				0.607930797611621	
PPIA	ENSG00000196262	peptidylprolyl isomerase A	0.3875043315499821	0.5896880676452056		0.607930797611621			
SYT1	ENSG00000067715	synaptotagmin 1	0.38735217573103026	0.38604788078546154	0.6178625221860959				
GPR65	ENSG00000140030	G protein-coupled receptor 65	0.38633154717371815	0.604901725739708	0.6045172142879992				0.032569162789411146
ZNF774	ENSG00000196391	zinc finger protein 774	0.3851657432040167		0.6335684007410352				
UQCC2	ENSG00000137288	ubiquinol-cytochrome c reductase complex assembly factor 2	0.384298689115298		0.6321421626031993				
TLR4	ENSG00000136869	toll like receptor 4	0.38357571423748094	0.9288348004434586	0.5756038042619472		0.3761723792921308		0.043839466904256184
LEF1	ENSG00000138795	lymphoid enhancer binding factor 1	0.38345808262049635	0.4677331694817317	0.6066134650956381				0.034168733072297904
PPARD	ENSG00000112033	peroxisome proliferator activated receptor delta	0.3825386203833529	0.13482216394365723	0.6225058749894449				
OLIG3	ENSG00000177468	oligodendrocyte transcription factor 3	0.38115578123815663	0.23922976566924942	0.6150108295125829				
CBFA2T3	ENSG00000129993	CBFA2/RUNX1 partner transcriptional co-repressor 3	0.3798831125093666		0.6248788743748699				
MICB	ENSG00000204516	MHC class I polypeptide-related sequence B	0.3797399333817772	0.31465009397682825				0.607930797611621	0.04410239722010965
PSTPIP1	ENSG00000140368	proline-serine-threonine phosphatase interacting protein 1	0.378713014241937	0.11449363355018863	0.6172294698966295				
FLRT2	ENSG00000185070	fibronectin leucine rich transmembrane protein 2	0.3770230415833298	0.024317231904464845	0.6144968512513438				0.10274081386083804
TPD52	ENSG00000076554	tumor protein D52	0.3766419947071735	0.03495602086266821	0.6163404228639096				0.04860516741731447
PLCL1	ENSG00000115896	phospholipase C like 1 (inactive)	0.37402012786198036	0.19175150574666544	0.6056471345371961				
ERBB3	ENSG00000065361	erb-b2 receptor tyrosine kinase 3	0.373076711971265	0.15194048198640447	0.6043625692295775				0.07754710463548292
FAS	ENSG00000026103	Fas cell surface death receptor	0.37294926462252687	0.6018745252049219	0.5743077601017675		0.4082280636411937		
NFATC1	ENSG00000131196	nuclear factor of activated T cells 1	0.3704387331080343	0.5492527026893644	0.5818809522662322				
ARAP1	ENSG00000186635	ArfGAP with RhoGAP domain, ankyrin repeat and PH domain 1	0.3701955698207268	0.06535256074324927	0.6056759742200597				
IL21R	ENSG00000103522	interleukin 21 receptor	0.3698397709473025	0.7701806378826805	0.5692174037111007				0.028435703495239818
TTC34	ENSG00000215912	tetratricopeptide repeat domain 34	0.3693897443196526	0.12462581351038234	0.6013867898212658				
CCDC91	ENSG00000123106	coiled-coil domain containing 91	0.36759651936663434		0.6046683616142027				
PRKCB	ENSG00000166501	protein kinase C beta	0.3666321825747727	0.3430791872201141	0.5851450098022415				0.035240924404204864
TREH	ENSG00000118094	trehalase	0.36592244157075554		0.6019146307579016				
CD6	ENSG00000013725	CD6 molecule	0.3655615759570546	0.18410512984073832	0.592115777732972				
CARMIL1	ENSG00000079691	capping protein regulator and myosin 1 linker 1	0.36441389164255633		0.5994331806748892				
DCLRE1B	ENSG00000118655	DNA cross-link repair 1B	0.36203236990332077	0.07599134970145263	0.5917161907651066				
GRHL2	ENSG00000083307	grainyhead like transcription factor 2	0.3613419092129073		0.5933361561314895				0.02087693423562952
MST1	ENSG00000173531	macrophage stimulating 1	0.3604587717962733	0.7940502537047843	0.5532247961670321				
IL4R	ENSG00000077238	interleukin 4 receptor	0.3600208508260228	0.4060516701322294	0.5719043786022954				
GPR174	ENSG00000147138	G protein-coupled receptor 174	0.3589452525306655		0.5904376845865589				
TEAD3	ENSG00000007866	TEA domain transcription factor 3	0.3577702518017598		0.5874978763893289				0.02014042439259975
PARK7	ENSG00000116288	Parkinsonism associated deglycase	0.35765674800054104	0.6109704515996791	0.5577696698946658				
SMAD3	ENSG00000166949	SMAD family member 3	0.3558864638564677	0.5418034426066807	0.5577052341181429				0.027486145455222717
GUCY1A2	ENSG00000152402	guanylate cyclase 1 soluble subunit alpha 2	0.35578755224029424	0.08511031166562696	0.5809879917995944				
TNFSF13B	ENSG00000102524	TNF superfamily member 13b	0.3555343370128038	0.8723277788728913		0.5398804090207652			0.05985853184978092
STAG1	ENSG00000118007	STAG1 cohesin complex component	0.3546772300480449	0.015198269940290528	0.582657198189819				
BAK1	ENSG00000030110	BCL2 antagonist/killer 1	0.35467603678704757	0.09631988009492123	0.5785991548583548				
TESPA1	ENSG00000135426	thymocyte expressed, positive selection associated 1	0.35443677849993677	0.22179341932863977	0.5719319161819955				
CARD9	ENSG00000187796	caspase recruitment domain family member 9	0.35432244382919015	0.10711964856160404	0.5774775328687553				
FDX2	ENSG00000267673	ferredoxin 2	0.35250814750535014		0.5798491356092661				
MYC	ENSG00000136997	MYC proto-oncogene, bHLH transcription factor	0.3512350957076851	0.35984605425337957	0.5539779600776032		0.26031596753729613		
DNASE1L3	ENSG00000163687	deoxyribonuclease 1L3	0.35109027789913194	0.24080979205014852	0.5654763581677668				
NFKB1	ENSG00000109320	nuclear factor kappa B subunit 1	0.3493849951661979	0.8922302358596594	0.524289807901183		0.26147103605275823		
SYTL2	ENSG00000137501	synaptotagmin like 2	0.34820692835589684		0.5727739567133268				
ANXA11	ENSG00000122359	annexin A11	0.34816475511664197	0.02279740491043579	0.5715647146915755				
TPH2	ENSG00000139287	tryptophan hydroxylase 2	0.3477754666167826	0.012158615952232422	0.5714563041171004				
PDE2A	ENSG00000186642	phosphodiesterase 2A	0.3471586242642304	0.05319394479101684	0.5275445283794351	0.16929184016823612			
SIRPG	ENSG00000089012	signal regulatory protein gamma	0.3465932982160992	0.01654922726831635	0.5692921962978854				
RBPJ	ENSG00000168214	recombination signal binding protein for immunoglobulin kappa J region	0.34649944577773617	0.7161255169923177	0.5341590016770849				
ANKS1A	ENSG00000064999	ankyrin repeat and sterile alpha motif domain containing 1A	0.3461303861302056		0.5693582024303567				
BANK1	ENSG00000153064	B cell scaffold protein with ankyrin repeats 1	0.34526773683857653	0.7954020374096181	0.5281691079787825				
HIPK1	ENSG00000163349	homeodomain interacting protein kinase 1	0.34470964399802806	0.012158615952232422	0.56641325870667				
MAPK14	ENSG00000112062	mitogen-activated protein kinase 14	0.3437241561280053	0.5543383480581624	0.5043211897451274	0.19504126834907762			
FSCN1	ENSG00000075618	fascin actin-bundling protein 1	0.3426645522656485	0.13744904680685055	0.5567847165543334				
USP8	ENSG00000138592	ubiquitin specific peptidase 8	0.34206793288351084		0.5626757753142196				
ADGRL2	ENSG00000117114	adhesion G protein-coupled receptor L2	0.3418015161159635	0.06535256074324927	0.5589699119242932				
CSMD1	ENSG00000183117	CUB and Sushi multiple domains 1	0.3415953061429544	0.024317231904464845	0.5606824786187955				
CSF2RB	ENSG00000100368	colony stimulating factor 2 receptor subunit beta	0.341276501028778	0.11166506664463456	0.5089037076270337	0.17964355069423402	0.26402434540272707		0.03703921247417079
LONRF2	ENSG00000170500	LON peptidase N-terminal domain and ring finger 2	0.34052005404706975	0.012158615952232422	0.5595217013659037				
ERAP2	ENSG00000164308	endoplasmic reticulum aminopeptidase 2	0.33986630764960785	0.8140011093693559	0.5179393215111557				0.018670140047637142
IFNLR1	ENSG00000185436	interferon lambda receptor 1	0.33888978845110385	0.398183162961985	0.5375388109011755				
RPS10	ENSG00000124614	ribosomal protein S10	0.338267701854149	0.01823792392834863	0.5555127876378315				
HDGFL1	ENSG00000112273	HDGF like 1	0.33812020015859046		0.5561820547453163				
XCR1	ENSG00000173578	X-C motif chemokine receptor 1	0.3353073653005275	0.03250741070562141	0.5499297844557972				
POSTN	ENSG00000133110	periostin	0.3351099280779083	0.47118886833309487	0.5276709423352357				
CHRNG	ENSG00000196811	cholinergic receptor nicotinic gamma subunit	0.33317623899825866	0.01823792392834863	0.547137717850459				
SSPN	ENSG00000123096	sarcospan	0.33295471369843554		0.5476852217497705				
ANXA3	ENSG00000138772	annexin A3	0.33286119831081484	0.21228595374306655	0.5360897532865815				0.03723052789408592
FOS	ENSG00000170345	Fos proto-oncogene, AP-1 transcription factor subunit	0.3327680789755658	0.7358257671048686	0.5095783039163785				0.04538832888515583
PFKFB3	ENSG00000170525	6-phosphofructo-2-kinase/fructose-2,6-biphosphatase 3	0.3325463378883426	0.37811753450830043	0.5278290505260066				0.012534628499460316
OPCML	ENSG00000183715	opioid binding protein/cell adhesion molecule like	0.33218987256212207		0.5464271161572947				
ADAMTS2	ENSG00000087116	ADAM metallopeptidase with thrombospondin type 1 motif 2	0.33201326042826906	0.13374477547455663	0.5394493638340858				
CAMTA1	ENSG00000171735	calmodulin binding transcription activator 1	0.33193363500341794		0.546005624830139				
IL18R1	ENSG00000115604	interleukin 18 receptor 1	0.33134867326466916	0.23448440346278832	0.533319187014717				
NPAS2	ENSG00000170485	neuronal PAS domain protein 2	0.3313182857930721	0.06991204172533642	0.5414978200182274				
FOSL2	ENSG00000075426	FOS like 2, AP-1 transcription factor subunit	0.33128944534630045	0.06518369107724604	0.5416867972056372				
ZC3H12C	ENSG00000149289	zinc finger CCCH-type containing 12C	0.3309537886147904	0.04255515583281348	0.5422660941319816				
LHFPL6	ENSG00000183722	LHFPL tetraspan subfamily member 6	0.3308821451876236		0.5442760039260405				
SHTN1	ENSG00000187164	shootin 1	0.33074961098799205		0.5434511851934894				0.012136200757799533
ABTB3	ENSG00000151136	ankyrin repeat and BTB domain containing 3	0.3305340265551341		0.5437033752093228				
SLC6A4	ENSG00000108576	solute carrier family 6 member 4	0.32991161694854376	0.012158615952232422		0.5420716278703621			
THOC2	ENSG00000125676	THO complex subunit 2	0.3298382335546253	0.012158615952232422	0.541950917759595				
DPP4	ENSG00000197635	dipeptidyl peptidase 4	0.32973333272324623	0.8630433172586699	0.4916897075937398		0.33949895392620977		
GLIS3	ENSG00000107249	GLIS family zinc finger 3	0.3293434022831942	0.030396539880581056	0.5402250616957466				
PTPRC	ENSG00000081237	protein tyrosine phosphatase receptor type C	0.3288455510136692	0.7355462060546292	0.49391913291995915		0.4187666791135239		0.07388733836678497
NRSN1	ENSG00000152954	neurensin 1	0.32817517905787597	0.06079307976116211	0.5367835962028822				
NDFIP1	ENSG00000131507	Nedd4 family interacting protein 1	0.32806770950852554		0.5257613315253056		0.2777027883489885		
LMO4	ENSG00000143013	LIM domain only 4	0.32787393176155766		0.5393277212631382				
RIPOR2	ENSG00000111913	RHO family interacting cell polarization regulator 2	0.327779388451417		0.5391722046969236				
DLGAP1	ENSG00000170579	DLG associated protein 1	0.32762623432400495	0.024317231904464845	0.5377044161915755				
TASL	ENSG00000120280	TLR adaptor interacting with endolysosomal SLC15A4	0.3275702712217172	0.012158615952232422	0.5382202919353758				
ALDH1A1	ENSG00000165092	aldehyde dehydrogenase 1 family member A1	0.32741616486088265		0.5385747294711885				
VWC2	ENSG00000188730	von Willebrand factor C domain containing 2	0.32698476353174083		0.5378651070423912				
CTH	ENSG00000116761	cystathionine gamma-lyase	0.32687893874416424	0.0841815285026092	0.5334819568773016				
ELANE	ENSG00000197561	elastase, neutrophil expressed	0.3264903788113393	0.10224867614654938		0.5319394479101685			
UNC5A	ENSG00000113763	unc-5 netrin receptor A	0.3262721826755452		0.5366929656424241				
CCL20	ENSG00000115009	C-C motif chemokine ligand 20	0.32622310747577987	0.4042941135190718	0.5163975349892886				
OTUD3	ENSG00000169914	OTU deubiquitinase 3	0.3260900316844532		0.5363933410933674				
SLC26A8	ENSG00000112053	solute carrier family 26 member 8	0.32596981879038234		0.5361956000107588				
SLC9A8	ENSG00000197818	solute carrier family 9 member A8	0.32572184502236484	0.012158615952232422	0.5351797711941758				
GAL	ENSG00000069482	galanin and GMAP prepropeptide	0.32570286595512754	0.7945123504534674	0.4960308653446481				
PDE3A	ENSG00000172572	phosphodiesterase 3A	0.32558788154505874	0.12727165845930355		0.5292037593209161			
TP63	ENSG00000073282	tumor protein p63	0.3249470435727041	0.38307504066203707	0.5153594604070709				
IGSF9B	ENSG00000080854	immunoglobulin superfamily member 9B	0.3247473356972903		0.5341847081495555				
CEP57	ENSG00000166037	centrosomal protein 57	0.32472723636620476		0.5341516462761243				
ZNF385D	ENSG00000151789	zinc finger protein 385D	0.32422433087277563		0.5333244049266075				
C1orf21	ENSG00000116667	chromosome 1 open reading frame 21	0.32415476431411094		0.5332099732200086				
ATXN2	ENSG00000204842	ataxin 2	0.3241168628688378	0.06642994921234986	0.529826130759891				
PSD4	ENSG00000125637	pleckstrin and Sec7 domain containing 4	0.3239965984207568		0.5329498023354678				
SP140	ENSG00000079263	SP140 nuclear body protein	0.323648311993357	0.09406040396379804	0.5276738774106741				
SLIT1	ENSG00000187122	slit guidance ligand 1	0.32340107519499955		0.5319702118490229				
ZNF366	ENSG00000178175	zinc finger protein 366	0.32322161720954296		0.5316750170897483				
FAM167A	ENSG00000154319	family with sequence similarity 167 member A	0.3230684787141335	0.07050308555634772	0.5278979616152634				
DCAF4L1	ENSG00000182308	DDB1 and CUL4 associated factor 4 like 1	0.3225864767868736		0.5306302593226395				
ZBED6	ENSG00000257315	zinc finger BED-type containing 6	0.32236689494495785		0.5302690638662185				
RPLP1	ENSG00000137818	ribosomal protein lateral stalk subunit P1	0.3209512836589146		0.5279404907924332				
PTGER4	ENSG00000171522	prostaglandin E receptor 4	0.32077076000121396	0.2622632713040832	0.49105748570113084	0.12158615952232422			0.028915584470288306
KIF21B	ENSG00000116852	kinesin family member 21B	0.3196297730330158	0.1309237043143813	0.5192205209435115				
CEMIP2	ENSG00000135048	cell migration inducing hyaluronidase 2	0.31959837434608024	0.045594809820871586	0.5230378623435779				0.017885469095985217
SLC22A25	ENSG00000196600	solute carrier family 22 member 25	0.3193864339518933		0.5097000551938238		0.3133275330890295		
CDKN2B	ENSG00000147883	cyclin dependent kinase inhibitor 2B	0.31914836933888485	0.01823792392834863	0.5240629374404434				
PCDH20	ENSG00000280165	protocadherin 20	0.31908109213239744		0.524864167740756				
RSRP1	ENSG00000117616	arginine and serine rich protein 1	0.3189345408584403		0.5246231020231893				
HDAC7	ENSG00000061273	histone deacetylase 7	0.31884035152694057	0.18237923928348632	0.515349205760786				
CCL2	ENSG00000108691	C-C motif chemokine ligand 2	0.31876995854635054	0.9535768217143753	0.47667353553132824				
OSMR	ENSG00000145623	oncostatin M receptor	0.3184903117778032	0.2604542855790316	0.5108696646382815				
NOS1	ENSG00000089250	nitric oxide synthase 1	0.3176955613793732	0.44000481354175625	0.5005848341825909				
REV3L	ENSG00000009413	REV3 like, DNA directed polymerase zeta catalytic subunit	0.31687755033852455	0.054376032453039444	0.5176020754550135				0.0413384280269814
LHX2	ENSG00000106689	LIM homeobox 2	0.3168249867343219		0.5211530456740024				
ZNF704	ENSG00000164684	zinc finger protein 704	0.3167018464357356		0.5209504892332528				
FTO	ENSG00000140718	FTO alpha-ketoglutarate dependent dioxygenase	0.3166526652953052	0.8598679648125768	0.4778761917510926				
CFAP20DC	ENSG00000163689	CFAP20 domain containing	0.3163072247346845		0.5203013664998735				
RNF186	ENSG00000178828	ring finger protein 186	0.31611978651716527		0.5199930448648197				
FRG2C	ENSG00000172969	FSHD region gene 2 family member C	0.3149074841143449		0.5179988994660618				
NR5A2	ENSG00000116833	nuclear receptor subfamily 5 group A member 2	0.31424816033585407		0.516914361914944				
NXPE1	ENSG00000095110	neurexophilin and PC-esterase domain family member 1	0.31387124969027047		0.5162943725229534				
ACTA2	ENSG00000107796	actin alpha 2, smooth muscle	0.313693445144188	0.03495602086266821	0.514254096502765				
ZC3H11A	ENSG00000058673	zinc finger CCCH-type containing 11A	0.31336505274550924		0.5154617169859252				
DMRT2	ENSG00000173253	doublesex and mab-3 related transcription factor 2	0.3129000163817691		0.5146967674792263				
CYRIB	ENSG00000153310	CYFIP related Rac1 interactor B	0.3125711525959021	0.45867083739148407	0.49122226965354815				
NUDT3	ENSG00000272325	nudix hydrolase 3	0.31232040684744494		0.5137433538068128				
ZFP36L1	ENSG00000185650	ZFP36 like 1 zinc finger CCCH-type	0.31137817244073507	0.01823792392834863	0.5112815535581388				
COL15A1	ENSG00000204291	collagen type XV alpha 1 chain	0.3106460550347242	0.06079307976116211	0.5079495182255557				
DENND1B	ENSG00000213047	DENN domain containing 1B	0.3105216691458189	0.03343619386863916	0.5087012598927817				0.01851737783207235
WDR72	ENSG00000166415	WD repeat domain 72	0.3094713989094104		0.5090569520827556				
SKI	ENSG00000157933	SKI proto-oncogene	0.3094110155550343		0.5089576260499024				
SKAP2	ENSG00000005020	src kinase associated phosphoprotein 2	0.309162442546146	0.039346632178752144	0.5065814107162631				
HMGA1	ENSG00000137309	high mobility group AT-hook 1	0.3086372299474176	0.030396539880581056	0.49291141362068774		0.2819583039322699		
NEURL1B	ENSG00000214357	neuralized E3 ubiquitin protein ligase 1B	0.3083596088803961		0.5072281419066925				
CASR	ENSG00000036828	calcium sensing receptor	0.30824188045561307	0.44451947540558295	0.48480851381712975				
TCP11	ENSG00000124678	t-complex 11	0.3081512335299975		0.5068853802778736				
ZNF831	ENSG00000124203	zinc finger protein 831	0.30782810574515695	0.012158615952232422	0.5057459288102942				
POU3F1	ENSG00000185668	POU class 3 homeobox 1	0.3077419229556078	0.09118961964174316	0.5016526144811368				
CDC42EP3	ENSG00000163171	CDC42 effector protein 3	0.3071924415136164		0.5053082402149783				
SLC26A3	ENSG00000091138	solute carrier family 26 member 3	0.30713970486338105		0.5052214924297986				
GPR55	ENSG00000135898	G protein-coupled receptor 55	0.3066162638676659	0.6779110764673015	0.4704649179149804				
RASGRF1	ENSG00000058335	Ras protein specific guanine nucleotide releasing factor 1	0.30631495853905016	0.76855445443432	0.46543712463010495				
POMGNT2	ENSG00000144647	protein O-linked mannose N-acetylglucosaminyltransferase 2 (beta 1,4-)	0.3062754978770053		0.5037999375591276				
PCYOX1L	ENSG00000145882	prenylcysteine oxidase 1 like	0.30624342412481537		0.5037471786722346				
PDGFB	ENSG00000100311	platelet derived growth factor subunit B	0.3059002248970386	0.1544708905418714	0.49545909747563005				
PHLDB1	ENSG00000019144	pleckstrin homology like domain family B member 1	0.30582627028332016		0.5030609922787601				
IRGM	ENSG00000237693	immunity related GTPase M	0.3058126284985952	0.02870784322054877	0.5016031604177231				
MALT1	ENSG00000172175	MALT1 paracaspase	0.30554388128929005	0.870099845879913	0.45909149153225715				
NELFE	ENSG00000204356	negative elongation factor complex member E	0.3045948115277786	0.02870784322054877	0.4995999439733498				
MAF	ENSG00000178573	MAF bZIP transcription factor	0.3037437142030551	0.1119773721371491	0.4940364770548094				
ADORA3	ENSG00000282608	adenosine A3 receptor	0.303390933812704	0.439964844962584		0.4770568064591193			
SELL	ENSG00000188404	selectin L	0.3032989415045992	0.8430735865956765	0.44744065522622983		0.3953627281367377		0.04188443093001353
UBLCP1	ENSG00000164332	ubiquitin like domain containing CTD phosphatase 1	0.30224107924464433	0.13222494848052757	0.4905523778307879				
SERPINA5	ENSG00000188488	serpin family A member 5	0.3017193068293108		0.49630534925138853				
C8A	ENSG00000157131	complement C8 alpha chain	0.30162883505716515		0.49615653005601124				
KLF12	ENSG00000118922	KLF transcription factor 12	0.30102004369313773	0.2110870825040351	0.48407517978351755				0.02365112613975069
VGLL2	ENSG00000170162	vestigial like family member 2	0.300345884969568		0.49404617458029343				
USP44	ENSG00000136014	ubiquitin specific peptidase 44	0.30015306796893715		0.49372900525544866				
RAB5B	ENSG00000111540	RAB5B, member RAS oncogene family	0.3000242188647053		0.49351705826289943				
